Model,RMSE,MAE,MAPE
ARIMA,16.00604569568324,12.826542287972359,28.006484364222224
Prophet,16.037891997271686,12.363033899823817,25.88358199626009
